mysql> select ename
    -> from emp
    -> where empno=(select mgr
    -> from emp
    -> where ename='smith');
+-------+
| ename |
+-------+
| FORD  |
+-------+
1 row in set (0.00 sec)

mysql> select ename
    -> from emp
    -> where empno=(select mgr
    -> from emp
    -> where ename='allen');
+-------+
| ename |
+-------+
| BLAKE |
+-------+
1 row in set (0.00 sec)
